fold_0,fold_1,fold_2,fold_3,fold_4
0.023634694814134924,0.12012391005048187,0.1148462597521799,0.07331344653510785,0.09648921523634695
