fold_0,fold_1,fold_2,fold_3,fold_4
0.01445617255621845,0.012849931161083065,0.014685635612666361,0.014570904084442405,0.008949059201468563
